invoice_no,stock_code,description,quantity,invoice_date,unit_price_gbp,customer_id,country
489434,85048,15CM CHRISTMAS GLASS BALL 20 LIGHTS,12,2009-12-01 07:45:00,6.95,13085,UNITED KINGDOM
489434,79323P,PINK CHERRY LIGHTS,12,2009-12-01 07:45:00,6.75,13085,United Kingdom
489434,79323W, WHITE CHERRY LIGHTS,12,2009-12-01 07:45:00,6.75,13085,United Kingdom
489434,22041,"RECORD FRAME 7"" SINGLE SIZE ",48,2009-12-01 07:45:00,2.1,13085,United Kingdom
489434,21232,STRAWBERRY CERAMIC TRINKET BOX,24,2009-12-01 07:45:00,1.25,13085,United Kingdom
489434,22064,PINK DOUGHNUT TRINKET POT ,24,2009-12-01 07:45:00,1.65,13085,United Kingdom
489434,21871,SAVE THE PLANET MUG,24,2009-12-01 07:45:00,1.25,13085,United Kingdom
489434,21523,FANCY FONT HOME SWEET HOME DOORMAT,10,2009-12-01 07:45:00,5.95,13085,United Kingdom
489435,22350,CAT BOWL ,12,2009-12-01 07:46:00,2.55,13085,United Kingdom
489435,22349,"DOG BOWL , CHASING BALL DESIGN",12,2009-12-01 07:46:00,3.75,13085,United Kingdom
489435,22195,HEART MEASURING SPOONS LARGE,24,2009-12-01 07:46:00,1.65,13085,
489435,22353,LUNCHBOX WITH CUTLERY FAIRY CAKES ,12,2009-12-01 07:46:00,2.55,13085,
489436,48173C,DOOR MAT BLACK FLOCK ,10,2009-12-01 09:06:00,5.95,13078,United Kingdom
489436,21755,LOVE BUILDING BLOCK WORD,18,2009-12-01 09:06:00,5.45,13078,United Kingdom
489436,21754,HOME BUILDING BLOCK WORD,3,2009-12-01 09:06:00,5.95,13078,United Kingdom
489436,84879,ASSORTED COLOUR BIRD ORNAMENT,16,2009-12-01 09:06:00,1.69,13078,United Kingdom
489436,22119, PEACE WOODEN BLOCK LETTERS,3,2009-12-01 09:06:00,6.95,13078,United Kingdom
489436,22142,CHRISTMAS CRAFT WHITE FAIRY ,12,2009-12-01 09:06:00,1.45,13078,United Kingdom
489436,22296,HEART IVORY TRELLIS LARGE,12,2009-12-01 09:06:00,1.65,13078,United Kingdom
489436,22295,HEART FILIGREE DOVE LARGE,12,2009-12-01 09:06:00,1.65,13078,United Kingdom
489436,22109,FULL ENGLISH BREAKFAST PLATE,16,2009-12-01 09:06:00,3.39,13078,United Kingdom
489436,22107,PIZZA PLATE IN BOX,4,2009-12-01 09:06:00,3.75,13078,United Kingdom
489436,22194,BLACK DINER WALL CLOCK,2,2009-12-01 09:06:00,8.5,13078,United Kingdom
489436,35004B,SET OF 3 BLACK FLYING DUCKS,12,2009-12-01 09:06:00,4.65,13078,United Kingdom
489436,82582,AREA PATROLLED METAL SIGN,12,2009-12-01 09:06:00,2.1,13078,United Kingdom
489436,21181,PLEASE ONE PERSON  METAL SIGN,12,2009-12-01 09:06:00,2.1,13078,United Kingdom
489436,21756,BATH BUILDING BLOCK WORD,3,2009-12-01 09:06:00,5.95,13078,United Kingdom
489436,21333,CLASSIC WHITE FRAME,6,2009-12-01 09:06:00,2.95,13078,United Kingdom
489436,84596F,SMALL MARSHMALLOWS PINK BOWL,8,2009-12-01 09:06:00,1.25,13078,United Kingdom
489436,84596L,BISCUITS SMALL BOWL LIGHT BLUE,8,2009-12-01 09:06:00,1.25,13078,United Kingdom
489436,22111,SCOTTIE DOG HOT WATER BOTTLE,24,2009-12-01 09:06:00,4.25,13078,United Kingdom
489437,22143,CHRISTMAS CRAFT HEART DECORATIONS,6,2009-12-01 09:08:00,2.1,15362,United Kingdom
489437,22145,CHRISTMAS CRAFT HEART STOCKING ,6,2009-12-01 09:08:00,2.1,15362,United Kingdom
489437,22130,PARTY CONE CHRISTMAS DECORATION ,12,2009-12-01 09:08:00,0.85,15362,United Kingdom
489437,21364,PEACE SMALL WOOD LETTERS,2,2009-12-01 09:08:00,6.75,15362,United Kingdom
489437,21360,JOY LARGE WOOD LETTERS,1,2009-12-01 09:08:00,9.95,15362,United Kingdom
489437,21351,CINAMMON & ORANGE WREATH,2,2009-12-01 09:08:00,6.75,15362,United Kingdom
489437,21352,EUCALYPTUS & PINECONE  WREATH,2,2009-12-01 09:08:00,6.75,15362,United Kingdom
489437,35400,WOODEN BOX ADVENT CALENDAR ,2,2009-12-01 09:08:00,8.95,15362,United Kingdom
489437,20695,FLORAL BLUE MONSTER,3,2009-12-01 09:08:00,4.25,15362,United Kingdom
489437,37370,RETRO COFFEE MUGS ASSORTED,12,2009-12-01 09:08:00,1.25,15362,United Kingdom
489437,10002,INFLATABLE POLITICAL GLOBE ,12,2009-12-01 09:08:00,0.85,15362,United Kingdom
489437,84507B,STRIPES DESIGN MONKEY DOLL,6,2009-12-01 09:08:00,2.55,15362,United Kingdom
489437,20703,BLUE PADDED SOFT MOBILE,3,2009-12-01 09:08:00,4.25,15362,United Kingdom
489437,21987,PACK OF 6 SKULL PAPER CUPS,12,2009-12-01 09:08:00,0.65,15362,United Kingdom
489437,21989,PACK OF 20 SKULL PAPER NAPKINS,12,2009-12-01 09:08:00,0.85,15362,United Kingdom
489437,84970S,HANGING HEART ZINC T-LIGHT HOLDER,12,2009-12-01 09:08:00,0.85,15362,United Kingdom
489437,20971,PINK BLUE FELT CRAFT TRINKET BOX,12,2009-12-01 09:08:00,1.25,15362,United Kingdom
489437,22271,FELTCRAFT DOLL ROSIE,6,2009-12-01 09:08:00,2.95,15362,United Kingdom
489437,22272,FELTCRAFT DOLL MARIA,6,2009-12-01 09:08:00,2.95,15362,United Kingdom
489437,22274,FELTCRAFT DOLL EMILY,6,2009-12-01 09:08:00,2.95,15362,United Kingdom
489437,21912,VINTAGE SNAKES & LADDERS,4,2009-12-01 09:08:00,3.75,15362,United Kingdom
489437,22111,SCOTTIE DOG HOT WATER BOTTLE,3,2009-12-01 09:08:00,4.95,15362,United Kingdom
489437,22112,CHOCOLATE HOT WATER BOTTLE,3,2009-12-01 09:08:00,4.95,15362,United Kingdom
489438,21329,DINOSAURS  WRITING SET ,28,2009-12-01 09:24:00,0.98,18102,United Kingdom
489438,21252,SET OF MEADOW  FLOWER STICKERS,30,2009-12-01 09:24:00,1.69,18102,United Kingdom
489438,21100,CHARLIE AND LOLA CHARLOTTE BAG,30,2009-12-01 09:24:00,1.15,18102,United Kingdom
489438,21033,JUMBO BAG CHARLIE AND LOLA TOYS,30,2009-12-01 09:24:00,2,18102,United Kingdom
489438,20711,JUMBO BAG TOYS ,60,2009-12-01 09:24:00,1.3,18102,United Kingdom
489438,21410,COUNTRY COTTAGE  DOORSTOP GREEN,32,2009-12-01 09:24:00,2.5,18102,United Kingdom
489438,21411,GINGHAM HEART  DOORSTOP RED,32,2009-12-01 09:24:00,2.5,18102,United Kingdom
489438,84031A,CHARLIE+LOLA RED HOT WATER BOTTLE ,56,2009-12-01 09:24:00,3,18102,United Kingdom
489438,84031B,CHARLIE LOLA BLUE HOT WATER BOTTLE ,56,2009-12-01 09:24:00,3,18102,United Kingdom
489438,84032A,CHARLIE+LOLA PINK HOT WATER BOTTLE,60,2009-12-01 09:24:00,1.9,18102,United Kingdom
489438,84032B,CHARLIE + LOLA RED HOT WATER BOTTLE,56,2009-12-01 09:24:00,1.9,18102,United Kingdom
489438,84519A,TOMATO CHARLIE+LOLA COASTER SET,56,2009-12-01 09:24:00,2.15,18102,United Kingdom
489438,84519B,CARROT CHARLIE+LOLA COASTER SET,60,2009-12-01 09:24:00,2.4,18102,United Kingdom
489438,85132A,CHARLIE + LOLA BISCUITS TINS,60,2009-12-01 09:24:00,6.38,18102,United Kingdom
489438,85132C,CHARLIE AND LOLA FIGURES TINS,60,2009-12-01 09:24:00,6.4,18102,United Kingdom
489438,85183A,CHARLIE & LOLA WASTEPAPER BIN BLUE,60,2009-12-01 09:24:00,2.4,18102,United Kingdom
489438,85183B,CHARLIE & LOLA WASTEPAPER BIN FLORA,60,2009-12-01 09:24:00,2.4,18102,United Kingdom
489439,22065,CHRISTMAS PUDDING TRINKET POT ,12,2009-12-01 09:28:00,1.45,12682,France 
489439,22138,BAKING SET 9 PIECE RETROSPOT ,9,2009-12-01 09:28:00,4.95,12682,france
489439,22139,RETRO SPOT TEA SET CERAMIC 11 PC ,9,2009-12-01 09:28:00,4.95,12682,France
489439,22352,LUNCHBOX WITH CUTLERY RETROSPOT ,12,2009-12-01 09:28:00,2.55,12682,France
489439,85014A,BLACK/BLUE DOTS RUFFLED UMBRELLA,3,2009-12-01 09:28:00,5.95,12682,France
489439,85014B,RED/WHITE DOTS RUFFLED UMBRELLA,3,2009-12-01 09:28:00,5.95,12682,France
489439,16161P,WRAP ENGLISH ROSE ,25,2009-12-01 09:28:00,0.42,12682,France
489439,16169N,WRAP BLUE RUSSIAN FOLKART,25,2009-12-01 09:28:00,0.42,12682,France
489439,21491,SET OF THREE VINTAGE GIFT WRAPS,6,2009-12-01 09:28:00,1.95,12682,France
489439,22333,RETRO SPORT PARTY BAG + STICKER SET,8,2009-12-01 09:28:00,1.65,12682,France
489439,85216,ASSORTED CAKES FRIDGE MAGNETS,12,2009-12-01 09:28:00,0.65,12682,France
489439,21493, VINTAGE DESIGN GIFT TAGS,12,2009-12-01 09:28:00,0.85,12682,France
489439,22130,PARTY CONE CHRISTMAS DECORATION ,24,2009-12-01 09:28:00,0.85,12682,France
489439,22064,PINK DOUGHNUT TRINKET POT ,12,2009-12-01 09:28:00,1.65,12682,France
489439,21731,RED TOADSTOOL LED NIGHT LIGHT,24,2009-12-01 09:28:00,1.65,12682,France
489439,85232B,SET/3 RUSSIAN DOLL STACKING TINS,6,2009-12-01 09:28:00,4.95,12682,France
489439,84691,PACK 20 DOLLY PEGS,12,2009-12-01 09:28:00,0.85,12682,France
489439,20749,ASSORTED COLOUR MINI CASES,2,2009-12-01 09:28:00,7.95,12682,France
489439,POST,POSTAGE,3,2009-12-01 09:28:00,18,12682,France
489440,22350,CAT BOWL ,8,2009-12-01 09:43:00,2.55,18087,United Kingdom
489440,22349,"DOG BOWL , CHASING BALL DESIGN",8,2009-12-01 09:43:00,3.75,18087,United Kingdom
489441,22321,BIRD DECORATION RED SPOT,12,2009-12-01 09:44:00,0.72,18087,United Kingdom
489441,22138,BAKING SET 9 PIECE RETROSPOT ,6,2009-12-01 09:44:00,4.25,18087,United Kingdom
489441,84029E,RED WOOLLY HOTTIE WHITE HEART.,36,2009-12-01 09:44:00,2.95,18087,United Kingdom
489441,22111,SCOTTIE DOG HOT WATER BOTTLE,48,2009-12-01 09:44:00,4.25,18087,United Kingdom
489442,21955,UNION JACK GUNS & ROSES  DOORMAT,2,2009-12-01 09:46:00,6.75,13635,United Kingdom
489442,22111,SCOTTIE DOG HOT WATER BOTTLE,3,2009-12-01 09:46:00,4.95,13635,United Kingdom
489442,22296,HEART IVORY TRELLIS LARGE,12,2009-12-01 09:46:00,1.65,13635,United Kingdom
489442,84899E,YELLOW + BROWN BEAR FELT PURSE KIT,12,2009-12-01 09:46:00,1.25,13635,United Kingdom
489442,22271,FELTCRAFT DOLL ROSIE,6,2009-12-01 09:46:00,2.95,13635,United Kingdom
489442,22272,FELTCRAFT DOLL MARIA,6,2009-12-01 09:46:00,2.95,13635,United Kingdom
489442,85123A,WHITE HANGING HEART T-LIGHT HOLDER,6,2009-12-01 09:46:00,2.95,13635,United Kingdom
489442,21582,KINGS CHOICE SMALL TUBE MATCHES,20,2009-12-01 09:46:00,1.65,13635,United Kingdom
489442,21586,KINGS CHOICE GIANT TUBE MATCHES,12,2009-12-01 09:46:00,2.55,13635,United Kingdom
489442,21590,KINGS CHOICE CIGAR BOX MATCHES ,48,2009-12-01 09:46:00,1.25,13635,United Kingdom
489442,22091,EMPIRE TISSUE BOX,12,2009-12-01 09:46:00,1.25,13635,United Kingdom
489442,84251J,"GREETING CARD, THE BLACK CAT",12,2009-12-01 09:46:00,0.42,13635,United Kingdom
489442,22024,RAINY LADIES BIRTHDAY CARD,12,2009-12-01 09:46:00,0.42,13635,United Kingdom
489442,22026,BANQUET BIRTHDAY  CARD  ,12,2009-12-01 09:46:00,0.42,13635,United Kingdom
489442,22029,SPACE BOY BIRTHDAY CARD,12,2009-12-01 09:46:00,0.42,13635,United Kingdom
489442,22025,RING OF ROSES BIRTHDAY CARD,12,2009-12-01 09:46:00,0.42,13635,United Kingdom
489442,22031,BOTANICAL LAVENDER BIRTHDAY CARD,12,2009-12-01 09:46:00,0.42,13635,United Kingdom
489442,21428,SET3 BOOK BOX GREEN GINGHAM FLOWER ,4,2009-12-01 09:46:00,4.25,13635,United Kingdom
489442,21430,SET/3 RED GINGHAM ROSE STORAGE BOX,4,2009-12-01 09:46:00,3.75,13635,United Kingdom
489442,21916,SET 12 RETRO WHITE CHALK STICKS,24,2009-12-01 09:46:00,0.42,13635,United Kingdom
489442,21790,VINTAGE SNAP CARDS,12,2009-12-01 09:46:00,0.85,13635,United Kingdom
489442,21888,BINGO SET,8,2009-12-01 09:46:00,3.75,13635,United Kingdom
489442,85178,VICTORIAN SEWING KIT,12,2009-12-01 09:46:00,1.25,13635,United Kingdom
C489459,90200A,PURPLE SWEETHEART BRACELET,-3,2009-12-01 10:44:00,4.25,17592,United Kingdom
C489459,90200D,PINK SWEETHEART BRACELET,-3,2009-12-01 10:44:00,4.25,17592,United Kingdom
C489459,90200B,BLACK SWEETHEART BRACELET,-3,2009-12-01 10:44:00,4.25,17592,United Kingdom
C489459,90200E,GREEN SWEETHEART BRACELET,-3,2009-12-01 10:44:00,4.25,17592,United Kingdom
C489459,90200C,BLUE SWEETHEART BRACELET,-3,2009-12-01 10:44:00,4.25,17592,United Kingdom
C489459,90185C,BLACK DIAMANTE EXPANDABLE RING,-3,2009-12-01 10:44:00,4.25,17592,United Kingdom
C489459,90185B,AMETHYST DIAMANTE EXPANDABLE RING,-3,2009-12-01 10:44:00,4.25,17592,United Kingdom
C489459,90003C,MIDNIGHT BLUE PAIR HEART HAIR SLIDE,-3,2009-12-01 10:44:00,3.75,17592,United Kingdom
C489459,90003D,CRYSTAL PAIR HEART HAIR SLIDES,-3,2009-12-01 10:44:00,3.75,17592,United Kingdom
C489459,90003B,ROSE COLOUR PAIR HEART HAIR SLIDES,-3,2009-12-01 10:44:00,3.75,17592,United Kingdom
C489459,90209C,PINK ENAMEL+GLASS HAIR COMB,-3,2009-12-01 10:44:00,2.1,17592,United Kingdom
C489459,90209A,PURPLE ENAMEL+GLASS HAIR COMB,-3,2009-12-01 10:44:00,2.1,17592,United Kingdom
C489459,90082D,DIAMANTE BOW BROOCH BLACK COLOUR,-2,2009-12-01 10:44:00,6.35,17592,United Kingdom
C489476,22149,FELTCRAFT 6 FLOWER FRIENDS,-6,2009-12-01 10:55:00,2.1,13293,United Kingdom
C489503,21540,DAIRY MAID CERAMIC BUTTER DISH,-2,2009-12-01 11:04:00,4.25,16011,United Kingdom
C489503,21533,RETRO SPOT LARGE MILK JUG,-1,2009-12-01 11:04:00,4.95,16011,United Kingdom
C489504,85083,KISS REINDEER SCANDINAVIAN STOCKING,-6,2009-12-01 11:10:00,2.55,13916,United Kingdom
C489518,20892,SET/3 TALL GLASS CANDLE HOLDER PINK,-2,2009-12-01 11:35:00,12.75,15461,United Kingdom
C489518,85048,15CM CHRISTMAS GLASS BALL 20 LIGHTS,-1,2009-12-01 11:35:00,7.95,15461,United Kingdom
C489518,22138,BAKING SET 9 PIECE RETROSPOT ,-1,2009-12-01 11:35:00,4.95,15461,United Kingdom
489525,85226C,BLUE PULL BACK RACING CAR,1,2009-12-01 11:49:00,0.55,,United Kingdom
489525,85227,SET/6 3D KIT CARDS FOR KIDS,1,2009-12-01 11:49:00,0.85,,United Kingdom
489526,85049E,SCANDINAVIAN REDS RIBBONS,12,2009-12-01 11:50:00,1.25,12533,Germany
489526,21976,PACK OF 60 MUSHROOM CAKE CASES,24,2009-12-01 11:50:00,0.55,12533,Germany
489526,21498,RED SPOTS  WRAP ,25,2009-12-01 11:50:00,0.42,12533,Germany
489526,22077,6 RIBBONS RUSTIC CHARM,12,2009-12-01 11:50:00,1.65,12533,Germany
489526,84946,ANTIQUE SILVER TEA GLASS ETCHED,12,2009-12-01 11:50:00,1.25,12533,Germany
489526,84948,SILVER HANGING T-LIGHT HOLDER DOME,24,2009-12-01 11:50:00,1.65,12533,Germany
489526,21537,RETRO SPOTS PUDDING BOWL,4,2009-12-01 11:50:00,4.25,12533,Germany
489526,21733,RED HANGING HEART T-LIGHT HOLDER,6,2009-12-01 11:50:00,2.95,12533,Germany
489526,85123A,WHITE HANGING HEART T-LIGHT HOLDER,6,2009-12-01 11:50:00,2.95,12533,Germany
489526,20718,RED SPOTTY SHOPPER BAG,10,2009-12-01 11:50:00,1.25,12533,Germany
489526,21539,RETRO SPOTS BUTTER DISH,3,2009-12-01 11:50:00,4.95,12533,Germany
489526,16169F,WRAP BLIZZARD,25,2009-12-01 11:50:00,0.42,12533,Germany
489526,84836,ZINC METAL HEART DECORATION,24,2009-12-01 11:50:00,1.25,12533,Germany
489526,21527,RETRO SPOT TRADITIONAL TEAPOT ,2,2009-12-01 11:50:00,7.95,12533,Germany
489526,21533,RETRO SPOT LARGE MILK JUG,6,2009-12-01 11:50:00,4.95,12533,Germany
489548,22271,FELTCRAFT DOLL ROSIE,1,2009-12-01 12:32:00,2.95,,United Kingdom
489548,22254,FELT TOADSTOOL LARGE,12,2009-12-01 12:32:00,1.25,,United Kingdom
489548,22273,FELTCRAFT DOLL MOLLY,3,2009-12-01 12:32:00,2.95,,United Kingdom
489548,22195,LARGE HEART MEASURING SPOONS,1,2009-12-01 12:32:00,1.65,,United Kingdom
489548,22131,FOOD CONTAINER SET 3 LOVE HEART ,2,2009-12-01 12:32:00,1.95,,United Kingdom
489548,22079,RIBBON REEL HEARTS DESIGN ,10,2009-12-01 12:32:00,1.65,,United Kingdom
489548,22138,BAKING SET 9 PIECE RETROSPOT ,3,2009-12-01 12:32:00,4.95,,United Kingdom
489548,22147,FELTCRAFT BUTTERFLY HEARTS,2,2009-12-01 12:32:00,1.45,,United Kingdom
489548,22142,CHRISTMAS CRAFT WHITE FAIRY ,2,2009-12-01 12:32:00,1.45,,United Kingdom
489548,22150, 3 STRIPEY MICE FELTCRAFT,2,2009-12-01 12:32:00,1.95,,United Kingdom
489548,20804,GLASS CHICKEN BUTTER DISH,1,2009-12-01 12:32:00,1.65,,United Kingdom
489548,22196,SMALL HEART MEASURING SPOONS,8,2009-12-01 12:32:00,0.85,,United Kingdom
489548,22086,PAPER CHAIN KIT 50'S CHRISTMAS ,3,2009-12-01 12:32:00,2.95,,United Kingdom
489548,21115,ROSE CARAVAN DOORSTOP,1,2009-12-01 12:32:00,6.75,,United Kingdom
489548,21067,VINTAGE RED TEATIME MUG,6,2009-12-01 12:32:00,1.25,,United Kingdom
489548,22134,LADLE LOVE HEART RED ,12,2009-12-01 12:32:00,0.42,,United Kingdom
489548,22132,RED LOVE HEART SHAPE CUP,12,2009-12-01 12:32:00,0.85,,United Kingdom
489548,22196,SMALL HEART MEASURING SPOONS,1,2009-12-01 12:32:00,0.85,,United Kingdom
489548,22195,LARGE HEART MEASURING SPOONS,5,2009-12-01 12:32:00,1.65,,United Kingdom
489548,21086,SET/6 RED SPOTTY PAPER CUPS,25,2009-12-01 12:32:00,0.65,,United Kingdom
489548,20963,APPLE BATH SPONGE,10,2009-12-01 12:32:00,1.25,,United Kingdom
489548,85053,FRENCH ENAMEL CANDLEHOLDER,1,2009-12-01 12:32:00,2.1,,United Kingdom
489548,84670,JAPANESE CROCHETED ANIMAL,12,2009-12-01 12:32:00,0.42,,United Kingdom
489548,21559,STRAWBERRY LUNCHBOX WITH CUTLERY,2,2009-12-01 12:32:00,2.55,,United Kingdom
489548,21558,SKULL LUNCHBOX WITH CUTLERY ,3,2009-12-01 12:32:00,2.55,,United Kingdom
489548,22352,LUNCHBOX WITH CUTLERY RETROSPOT ,1,2009-12-01 12:32:00,2.55,,United Kingdom
489548,21004,ROSE DU SUD CHILDS APRON,3,2009-12-01 12:32:00,4.25,,United Kingdom
489548,21431,GREEN GINGHAM FLOWER JEWELLERY BOX,1,2009-12-01 12:32:00,1.65,,United Kingdom
489557,21439,BASKET OF TOADSTOOLS,12,2009-12-01 12:52:00,1.25,12490,France
489889,22271,FELTCRAFT DOLL ROSIE,96,2009-12-02 16:52:00,2.55,14646,Netherlands
489889,22078,RIBBON REEL LACE DESIGN ,120,2009-12-02 16:52:00,1.85,14646,Netherlands
489889,22082,RIBBON REEL STRIPES DESIGN ,120,2009-12-02 16:52:00,1.45,14646,Netherlands
489889,22149,FELTCRAFT 6 FLOWER FRIENDS,120,2009-12-02 16:52:00,2.1,14646,Netherlands
489889,22294,HEART FILIGREE DOVE  SMALL,288,2009-12-02 16:52:00,1.06,14646,Netherlands
489889,20914,SET/5 RED SPOTTY LID GLASS BOWLS,32,2009-12-02 16:52:00,2.55,14646,Netherlands
489889,35961,FOLKART ZINC HEART CHRISTMAS DEC,288,2009-12-02 16:52:00,0.72,14646,Netherlands
489889,22335,HEART DECORATION PAINTED ZINC ,288,2009-12-02 16:52:00,0.55,14646,Netherlands
489889,22337,ANGEL DECORATION PAINTED ZINC ,288,2009-12-02 16:52:00,0.55,14646,Netherlands
489889,22131,FOOD CONTAINER SET 3 LOVE HEART ,144,2009-12-02 16:52:00,1.65,14646,Netherlands
489889,85123A,WHITE HANGING HEART T-LIGHT HOLDER,480,2009-12-02 16:52:00,2.55,14646,Netherlands
489889,22336,DOVE DECORATION PAINTED ZINC ,288,2009-12-02 16:52:00,0.55,14646,Netherlands
489889,21681,GIANT MEDINA STAMPED METAL BOWL ,24,2009-12-02 16:52:00,8.5,14646,Netherlands
489889,21841,BABY MOUSE RED GINGHAM DRESS,36,2009-12-02 16:52:00,3.75,14646,Netherlands
489889,21531,RETRO SPOT SUGAR JAM BOWL,48,2009-12-02 16:52:00,2.1,14646,Netherlands
489436,22109,FULL ENGLISH BREAKFAST PLATE,16,2009-12-01 09:06:00,3.39,13078,United Kingdom
489437,37370,RETRO COFFEE MUGS ASSORTED,12,2009-12-01 09:08:00,1.25,15362,United Kingdom
